date,new_cases,total_cases,new_vaccinations,total_vaccinations,new_deaths,total_deaths
2020-01-22,,1.0,,,,
2020-01-23,0.0,1.0,,,,
2020-01-24,1.0,2.0,,,,
2020-01-25,0.0,2.0,,,,
2020-01-26,3.0,5.0,,,,
2020-01-27,0.0,5.0,,,,
2020-01-28,0.0,5.0,,,,
2020-01-29,1.0,6.0,,,,
2020-01-30,0.0,6.0,,,,
2020-01-31,2.0,8.0,,,,
2020-02-01,0.0,8.0,,,,
2020-02-02,0.0,8.0,,,,
2020-02-03,3.0,11.0,,,,
2020-02-04,0.0,11.0,,,,
2020-02-05,0.0,11.0,,,,
2020-02-06,1.0,12.0,,,,
2020-02-07,0.0,12.0,,,,
2020-02-08,0.0,12.0,,,,
2020-02-09,0.0,12.0,,,,
2020-02-10,0.0,12.0,,,,
2020-02-11,1.0,13.0,,,,
2020-02-12,0.0,13.0,,,,
2020-02-13,1.0,14.0,,,,
2020-02-14,0.0,14.0,,,,
2020-02-15,0.0,14.0,,,,
2020-02-16,0.0,14.0,,,,
2020-02-17,0.0,14.0,,,,
2020-02-18,0.0,14.0,,,,
2020-02-19,0.0,14.0,,,,
2020-02-20,0.0,14.0,,,,
2020-02-21,2.0,16.0,,,,
2020-02-22,0.0,16.0,,,,
2020-02-23,0.0,16.0,,,,
2020-02-24,0.0,16.0,,,,
2020-02-25,0.0,16.0,,,,
2020-02-26,0.0,16.0,,,,
2020-02-27,1.0,17.0,,,,
2020-02-28,0.0,17.0,,,,
2020-02-29,8.0,25.0,,,1.0,1.0
2020-03-01,7.0,32.0,,,0.0,1.0
2020-03-02,23.0,55.0,,,5.0,6.0
2020-03-03,19.0,74.0,,,1.0,7.0
2020-03-04,33.0,107.0,,,4.0,11.0
2020-03-05,77.0,184.0,,,1.0,12.0
2020-03-06,53.0,237.0,,,2.0,14.0
2020-03-07,166.0,403.0,,,3.0,17.0
2020-03-08,116.0,519.0,,,4.0,21.0
2020-03-09,75.0,594.0,,,1.0,22.0
2020-03-10,188.0,782.0,,,6.0,28.0
2020-03-11,365.0,1147.0,,,5.0,33.0
2020-03-12,439.0,1586.0,,,10.0,43.0
2020-03-13,633.0,2219.0,,,8.0,51.0
2020-03-14,759.0,2978.0,,,7.0,58.0
2020-03-15,234.0,3212.0,,,12.0,70.0
2020-03-16,1467.0,4679.0,,,27.0,97.0
2020-03-17,1833.0,6512.0,,,37.0,134.0
2020-03-18,2657.0,9169.0,,,60.0,194.0
2020-03-19,4494.0,13663.0,,,72.0,266.0
2020-03-20,6367.0,20030.0,,,106.0,372.0
2020-03-21,5995.0,26025.0,,,103.0,475.0
2020-03-22,8919.0,34944.0,,,128.0,603.0
2020-03-23,11152.0,46096.0,,,187.0,790.0
2020-03-24,10618.0,56714.0,,,243.0,1033.0
2020-03-25,12127.0,68841.0,,,333.0,1366.0
2020-03-26,17821.0,86662.0,,,417.0,1783.0
2020-03-27,18591.0,105253.0,,,522.0,2305.0
2020-03-28,22164.0,127417.0,,,713.0,3018.0
2020-03-29,16127.0,143544.0,,,555.0,3573.0
2020-03-30,22154.0,165698.0,,,707.0,4280.0
2020-03-31,26381.0,192079.0,,,1079.0,5359.0
2020-04-01,35814.0,227893.0,,,1637.0,6996.0
2020-04-02,32276.0,260169.0,,,1549.0,8545.0
2020-04-03,32440.0,292609.0,,,1428.0,9973.0
2020-04-04,31719.0,324328.0,,,1620.0,11593.0
2020-04-05,28775.0,353103.0,,,1623.0,13216.0
2020-04-06,31991.0,385094.0,,,1763.0,14979.0
2020-04-07,30150.0,415244.0,,,2606.0,17585.0
2020-04-08,31244.0,446488.0,,,2152.0,19737.0
2020-04-09,36022.0,482510.0,,,2256.0,21993.0
2020-04-10,34189.0,516699.0,,,2214.0,24207.0
2020-04-11,28979.0,545678.0,,,2104.0,26311.0
2020-04-12,25858.0,571536.0,,,1883.0,28194.0
2020-04-13,27244.0,598780.0,,,2001.0,30195.0
2020-04-14,28497.0,627277.0,,,2481.0,32676.0
2020-04-15,26375.0,653652.0,,,2624.0,35300.0
2020-04-16,29673.0,683325.0,,,2187.0,37487.0
2020-04-17,33148.0,716473.0,,,2104.0,39591.0
2020-04-18,27325.0,743798.0,,,1943.0,41534.0
2020-04-19,25035.0,768833.0,,,1967.0,43501.0
2020-04-20,30653.0,799486.0,,,2286.0,45787.0
2020-04-21,25941.0,825427.0,,,2452.0,48239.0
2020-04-22,29946.0,855373.0,,,2465.0,50704.0
2020-04-23,32050.0,887423.0,,,2428.0,53132.0
2020-04-24,31497.0,918920.0,,,2064.0,55196.0
2020-04-25,30591.0,949511.0,,,1739.0,56935.0
2020-04-26,25865.0,975376.0,,,1415.0,58350.0
2020-04-27,24738.0,1000114.0,,,1487.0,59837.0
2020-04-28,24527.0,1024641.0,,,2232.0,62069.0
2020-04-29,26799.0,1051440.0,,,2374.0,64443.0
2020-04-30,29559.0,1080999.0,,,2192.0,66635.0
2020-05-01,34846.0,1115845.0,,,1880.0,68515.0
2020-05-02,26609.0,1142454.0,,,1743.0,70258.0
2020-05-03,23579.0,1166033.0,,,1203.0,71461.0
2020-05-04,24020.0,1190053.0,,,1370.0,72831.0
2020-05-05,24052.0,1214105.0,,,2179.0,75010.0
2020-05-06,24390.0,1238495.0,,,2321.0,77331.0
2020-05-07,27625.0,1266120.0,,,1906.0,79237.0
2020-05-08,27137.0,1293257.0,,,1769.0,81006.0
2020-05-09,24145.0,1317402.0,,,1471.0,82477.0
2020-05-10,18693.0,1336095.0,,,1001.0,83478.0
2020-05-11,19258.0,1355353.0,,,1026.0,84504.0
2020-05-12,23484.0,1378837.0,,,1592.0,86096.0
2020-05-13,20068.0,1398905.0,,,1695.0,87791.0
2020-05-14,25878.0,1424783.0,,,1769.0,89560.0
2020-05-15,24827.0,1449610.0,,,1628.0,91188.0
2020-05-16,23885.0,1473495.0,,,1169.0,92357.0
2020-05-17,18627.0,1492122.0,,,815.0,93172.0
2020-05-18,22391.0,1514513.0,,,1222.0,94394.0
2020-05-19,20549.0,1535062.0,,,1428.0,95822.0
2020-05-20,22838.0,1557900.0,,,1470.0,97292.0
2020-05-21,25093.0,1582993.0,,,1182.0,98474.0
2020-05-22,23831.0,1606824.0,,,1204.0,99678.0
2020-05-23,19885.0,1626709.0,,,1078.0,100756.0
2020-05-24,20112.0,1646821.0,,,639.0,101395.0
2020-05-25,19174.0,1665995.0,,,600.0,101995.0
2020-05-26,18692.0,1684687.0,,,653.0,102648.0
2020-05-27,18801.0,1703488.0,,,1452.0,104100.0
2020-05-28,21129.0,1724617.0,,,1066.0,105166.0
2020-05-29,24777.0,1749394.0,,,1109.0,106275.0
2020-05-30,22714.0,1772108.0,,,948.0,107223.0
2020-05-31,18763.0,1790871.0,,,623.0,107846.0
2020-06-01,17853.0,1808724.0,,,767.0,108613.0
2020-06-02,20060.0,1828784.0,,,971.0,109584.0
2020-06-03,19085.0,1847869.0,,,1000.0,110584.0
2020-06-04,27807.0,1875676.0,,,998.0,111582.0
2020-06-05,26338.0,1902014.0,,,870.0,112452.0
2020-06-06,20154.0,1922168.0,,,638.0,113090.0
2020-06-07,17808.0,1939976.0,,,460.0,113550.0
2020-06-08,16917.0,1956893.0,,,502.0,114052.0
2020-06-09,20337.0,1977230.0,,,909.0,114961.0
2020-06-10,21776.0,1999006.0,,,858.0,115819.0
2020-06-11,22309.0,2021315.0,,,811.0,116630.0
2020-06-12,25554.0,2046869.0,,,823.0,117453.0
2020-06-13,24129.0,2070998.0,,,706.0,118159.0
2020-06-14,18951.0,2089949.0,,,348.0,118507.0
2020-06-15,21105.0,2111054.0,,,398.0,118905.0
2020-06-16,24639.0,2135693.0,,,776.0,119681.0
2020-06-17,27082.0,2162775.0,,,741.0,120422.0
2020-06-18,28240.0,2191015.0,,,697.0,121119.0
2020-06-19,30986.0,2222001.0,,,631.0,121750.0
2020-06-20,31862.0,2253863.0,,,563.0,122313.0
2020-06-21,25858.0,2279721.0,,,319.0,122632.0
2020-06-22,29992.0,2309713.0,,,379.0,123011.0
2020-06-23,38886.0,2348599.0,,,730.0,123741.0
2020-06-24,36309.0,2384908.0,,,755.0,124496.0
2020-06-25,39352.0,2424260.0,,,551.0,125047.0
2020-06-26,49071.0,2473331.0,,,629.0,125676.0
2020-06-27,40818.0,2514149.0,,,499.0,126175.0
2020-06-28,42913.0,2557062.0,,,323.0,126498.0
2020-06-29,41549.0,2598611.0,,,371.0,126869.0
2020-06-30,50039.0,2648650.0,,,549.0,127418.0
2020-07-01,49332.0,2697982.0,,,702.0,128120.0
2020-07-02,55075.0,2753057.0,,,742.0,128862.0
2020-07-03,51645.0,2804702.0,,,679.0,129541.0
2020-07-04,46015.0,2850717.0,,,307.0,129848.0
2020-07-05,53945.0,2904662.0,,,323.0,130171.0
2020-07-06,43638.0,2948300.0,,,385.0,130556.0
2020-07-07,57422.0,3005722.0,,,1144.0,131700.0
2020-07-08,60485.0,3066207.0,,,842.0,132542.0
2020-07-09,59806.0,3126013.0,,,1036.0,133578.0
2020-07-10,68741.0,3194754.0,,,805.0,134383.0
2020-07-11,60420.0,3255174.0,,,753.0,135136.0
2020-07-12,60216.0,3315390.0,,,477.0,135613.0
2020-07-13,59625.0,3375015.0,,,443.0,136056.0
2020-07-14,65736.0,3440751.0,,,895.0,136951.0
2020-07-15,66289.0,3507040.0,,,961.0,137912.0
2020-07-16,70759.0,3577799.0,,,971.0,138883.0
2020-07-17,66440.0,3644239.0,,,923.0,139806.0
2020-07-18,64307.0,3708546.0,,,890.0,140696.0
2020-07-19,58988.0,3767534.0,,,483.0,141179.0
2020-07-20,60881.0,3828415.0,,,531.0,141710.0
2020-07-21,68284.0,3896699.0,,,1096.0,142806.0
2020-07-22,67447.0,3964146.0,,,1224.0,144030.0
2020-07-23,67777.0,4031923.0,,,1076.0,145106.0
2020-07-24,74943.0,4106866.0,,,1090.0,146196.0
2020-07-25,63745.0,4170611.0,,,968.0,147164.0
2020-07-26,55622.0,4226233.0,,,539.0,147703.0
2020-07-27,60001.0,4286234.0,,,1111.0,148814.0
2020-07-28,64553.0,4350787.0,,,1212.0,150026.0
2020-07-29,64058.0,4414845.0,,,1434.0,151460.0
2020-07-30,69187.0,4484032.0,,,1296.0,152756.0
2020-07-31,64367.0,4548399.0,,,1168.0,153924.0
2020-08-01,57401.0,4605800.0,,,1116.0,155040.0
2020-08-02,46881.0,4652681.0,,,465.0,155505.0
2020-08-03,41912.0,4694593.0,,,565.0,156070.0
2020-08-04,61631.0,4756224.0,,,1251.0,157321.0
2020-08-05,54136.0,4810360.0,,,1422.0,158743.0
2020-08-06,60052.0,4870412.0,,,1188.0,159931.0
2020-08-07,60440.0,4930852.0,,,1292.0,161223.0
2020-08-08,63770.0,4994622.0,,,1089.0,162312.0
2020-08-09,54161.0,5048783.0,,,577.0,162889.0
2020-08-10,51647.0,5100430.0,,,525.0,163414.0
2020-08-11,56872.0,5157302.0,,,1077.0,164491.0
2020-08-12,55228.0,5212530.0,,,1509.0,166000.0
2020-08-13,51454.0,5263984.0,,,1034.0,167034.0
2020-08-14,70085.0,5334069.0,,,1304.0,168338.0
2020-08-15,52317.0,5386386.0,,,1038.0,169376.0
2020-08-16,34573.0,5420959.0,,,615.0,169991.0
2020-08-17,38000.0,5458959.0,,,478.0,170469.0
2020-08-18,44991.0,5503950.0,,,1227.0,171696.0
2020-08-19,45909.0,5549859.0,,,685.0,172381.0
2020-08-20,45126.0,5594985.0,,,1100.0,173481.0
2020-08-21,47908.0,5642893.0,,,1095.0,174576.0
2020-08-22,45268.0,5688161.0,,,955.0,175531.0
2020-08-23,31894.0,5720055.0,,,506.0,176037.0
2020-08-24,34091.0,5754146.0,,,433.0,176470.0
2020-08-25,42554.0,5796700.0,,,1223.0,177693.0
2020-08-26,42185.0,5838885.0,,,1158.0,178851.0
2020-08-27,50429.0,5889314.0,,,1107.0,179958.0
2020-08-28,46313.0,5935627.0,,,922.0,180880.0
2020-08-29,43048.0,5978675.0,,,962.0,181842.0
2020-08-30,34159.0,6012834.0,,,440.0,182282.0
2020-08-31,33529.0,6046363.0,,,482.0,182764.0
2020-09-01,41966.0,6088329.0,,,1067.0,183831.0
2020-09-02,40106.0,6128435.0,,,1054.0,184885.0
2020-09-03,45195.0,6173630.0,,,1022.0,185907.0
2020-09-04,48653.0,6222283.0,,,951.0,186858.0
2020-09-05,43209.0,6265492.0,,,793.0,187651.0
2020-09-06,29068.0,6294560.0,,,436.0,188087.0
2020-09-07,24701.0,6319261.0,,,323.0,188410.0
2020-09-08,27095.0,6346356.0,,,473.0,188883.0
2020-09-09,33834.0,6380190.0,,,1100.0,189983.0
2020-09-10,39629.0,6419819.0,,,909.0,190892.0
2020-09-11,44820.0,6464639.0,,,1142.0,192034.0
2020-09-12,45579.0,6510218.0,,,737.0,192771.0
2020-09-13,40297.0,6550515.0,,,394.0,193165.0
2020-09-14,32915.0,6583430.0,,,421.0,193586.0
2020-09-15,37418.0,6620848.0,,,1191.0,194777.0
2020-09-16,38353.0,6659201.0,,,933.0,195710.0
2020-09-17,45439.0,6704640.0,,,850.0,196560.0
2020-09-18,50208.0,6754848.0,,,958.0,197518.0
2020-09-19,45618.0,6800466.0,,,666.0,198184.0
2020-09-20,41583.0,6842049.0,,,265.0,198449.0
2020-09-21,32283.0,6874332.0,,,412.0,198861.0
2020-09-22,38288.0,6912620.0,,,1021.0,199882.0
2020-09-23,41218.0,6953838.0,,,1051.0,200933.0
2020-09-24,48945.0,7002783.0,,,888.0,201821.0
2020-09-25,47017.0,7049800.0,,,914.0,202735.0
2020-09-26,43444.0,7093244.0,,,762.0,203497.0
2020-09-27,33690.0,7126934.0,,,304.0,203801.0
2020-09-28,38077.0,7165011.0,,,340.0,204141.0
2020-09-29,42265.0,7207276.0,,,894.0,205035.0
2020-09-30,38898.0,7246174.0,,,905.0,205940.0
2020-10-01,46354.0,7292528.0,,,896.0,206836.0
2020-10-02,53522.0,7346050.0,,,837.0,207673.0
2020-10-03,49314.0,7395364.0,,,672.0,208345.0
2020-10-04,33334.0,7428698.0,,,369.0,208714.0
2020-10-05,37974.0,7466672.0,,,475.0,209189.0
2020-10-06,44955.0,7511627.0,,,688.0,209877.0
2020-10-07,49519.0,7561146.0,,,906.0,210783.0
2020-10-08,58188.0,7619334.0,,,973.0,211756.0
2020-10-09,55316.0,7674650.0,,,962.0,212718.0
2020-10-10,55175.0,7729825.0,,,647.0,213365.0
2020-10-11,46821.0,7776646.0,,,463.0,213828.0
2020-10-12,42974.0,7819620.0,,,395.0,214223.0
2020-10-13,50591.0,7870211.0,,,740.0,214963.0
2020-10-14,59085.0,7929296.0,,,989.0,215952.0
2020-10-15,63802.0,7993098.0,,,840.0,216792.0
2020-10-16,70272.0,8063370.0,,,933.0,217725.0
2020-10-17,54753.0,8118123.0,,,789.0,218514.0
2020-10-18,52234.0,8170357.0,,,482.0,218996.0
2020-10-19,68755.0,8239112.0,,,511.0,219507.0
2020-10-20,62490.0,8301602.0,,,952.0,220459.0
2020-10-21,61304.0,8362906.0,,,1168.0,221627.0
2020-10-22,80165.0,8443071.0,,,861.0,222488.0
2020-10-23,82061.0,8525132.0,,,956.0,223444.0
2020-10-24,77981.0,8603113.0,,,972.0,224416.0
2020-10-25,60330.0,8663443.0,,,452.0,224868.0
2020-10-26,64541.0,8727984.0,,,557.0,225425.0
2020-10-27,78922.0,8806906.0,,,1022.0,226447.0
2020-10-28,88289.0,8895195.0,,,1042.0,227489.0
2020-10-29,92687.0,8987882.0,,,995.0,228484.0
2020-10-30,100480.0,9088362.0,,,1071.0,229555.0
2020-10-31,86694.0,9175056.0,,,939.0,230494.0
2020-11-01,78060.0,9253116.0,,,509.0,231003.0
2020-11-02,84001.0,9337117.0,,,598.0,231601.0
2020-11-03,126805.0,9463922.0,,,1625.0,233226.0
2020-11-04,102082.0,9566004.0,,,1118.0,234344.0
2020-11-05,129984.0,9695988.0,,,1191.0,235535.0
2020-11-06,128994.0,9824982.0,,,1219.0,236754.0
2020-11-07,127074.0,9952056.0,,,1126.0,237880.0
2020-11-08,119358.0,10071414.0,,,575.0,238455.0
2020-11-09,119592.0,10191006.0,,,803.0,239258.0
2020-11-10,139255.0,10330261.0,,,1440.0,240698.0
2020-11-11,149537.0,10479798.0,,,1462.0,242160.0
2020-11-12,159585.0,10639383.0,,,1242.0,243402.0
2020-11-13,178802.0,10818185.0,,,1228.0,244630.0
2020-11-14,162625.0,10980810.0,,,1369.0,245999.0
2020-11-15,138453.0,11119263.0,,,790.0,246789.0
2020-11-16,155962.0,11275225.0,,,877.0,247666.0
2020-11-17,167127.0,11442352.0,,,1746.0,249412.0
2020-11-18,173364.0,11615716.0,,,1939.0,251351.0
2020-11-19,191843.0,11807559.0,,,2014.0,253365.0
2020-11-20,201213.0,12008772.0,,,1976.0,255341.0
2020-11-21,177375.0,12186147.0,,,1631.0,256972.0
2020-11-22,145180.0,12331327.0,,,1076.0,258048.0
2020-11-23,184604.0,12515931.0,,,1140.0,259188.0
2020-11-24,174815.0,12690746.0,,,2187.0,261375.0
2020-11-25,181280.0,12872026.0,,,2258.0,263633.0
2020-11-26,112683.0,12984709.0,,,1393.0,265026.0
2020-11-27,215240.0,13199949.0,,,1620.0,266646.0
2020-11-28,167287.0,13367236.0,,,1409.0,268055.0
2020-11-29,139606.0,13506842.0,,,1048.0,269103.0
2020-11-30,158709.0,13665551.0,,,1378.0,270481.0
2020-12-01,198697.0,13864248.0,,,2561.0,273042.0
2020-12-02,197061.0,14061309.0,,,2777.0,275819.0
2020-12-03,219419.0,14280728.0,,,2908.0,278727.0
2020-12-04,235246.0,14515974.0,,,2666.0,281393.0
2020-12-05,219715.0,14735689.0,,,2393.0,283786.0
2020-12-06,178089.0,14913778.0,,,1420.0,285206.0
2020-12-07,196533.0,15110311.0,,,1642.0,286848.0
2020-12-08,227344.0,15337655.0,,,2600.0,289448.0
2020-12-09,215769.0,15553424.0,,,2947.0,292395.0
2020-12-10,235723.0,15789147.0,,,2915.0,295310.0
2020-12-11,236942.0,16026089.0,,,3335.0,298645.0
2020-12-12,222582.0,16248671.0,,,2505.0,301150.0
2020-12-13,190625.0,16439296.0,,39445.0,1596.0,302746.0
2020-12-14,210471.0,16649767.0,4750.0,44195.0,1696.0,304442.0
2020-12-15,227192.0,16876959.0,47672.0,91867.0,2901.0,307343.0
2020-12-16,234235.0,17111194.0,159721.0,251588.0,3683.0,311026.0
2020-12-17,239164.0,17350358.0,274491.0,526079.0,3418.0,314444.0
2020-12-18,246520.0,17596878.0,419838.0,945917.0,2929.0,317373.0
2020-12-19,204862.0,17801740.0,183569.0,1129486.0,2736.0,320109.0
2020-12-20,186166.0,17987906.0,106769.0,1236255.0,1699.0,321808.0
2020-12-21,197617.0,18185523.0,386330.0,1622585.0,1827.0,323635.0
2020-12-22,205745.0,18391268.0,450679.0,2073264.0,3331.0,326966.0
2020-12-23,220832.0,18612100.0,576562.0,2649826.0,3311.0,330277.0
2020-12-24,211535.0,18823635.0,197369.0,2847195.0,2858.0,333135.0
2020-12-25,125516.0,18949151.0,12744.0,2859939.0,1498.0,334633.0
2020-12-26,217960.0,19167111.0,142445.0,3002384.0,1912.0,336545.0
2020-12-27,136145.0,19303256.0,96308.0,3098692.0,1431.0,337976.0
2020-12-28,174783.0,19478039.0,595568.0,3694260.0,1899.0,339875.0
2020-12-29,206655.0,19684694.0,726648.0,4420908.0,3574.0,343449.0
2020-12-30,218773.0,19903467.0,846973.0,5267881.0,3856.0,347305.0
2020-12-31,313780.0,20217247.0,424404.0,5692285.0,3250.0,350555.0
2021-01-01,177571.0,20394818.0,125759.0,5818044.0,2205.0,352760.0
2021-01-02,272451.0,20667269.0,266175.0,6084219.0,2521.0,355281.0
2021-01-03,203164.0,20870433.0,140307.0,6224526.0,1426.0,356707.0
2021-01-04,186937.0,21057370.0,663312.0,6887838.0,2016.0,358723.0
2021-01-05,232076.0,21289446.0,838460.0,7726298.0,3572.0,362295.0
2021-01-06,259876.0,21549322.0,1027849.0,8754147.0,3874.0,366169.0
2021-01-07,285014.0,21834336.0,1174872.0,9929019.0,3999.0,370168.0
2021-01-08,302979.0,22137315.0,1241936.0,11170955.0,4153.0,374321.0
2021-01-09,263345.0,22400660.0,511500.0,11682455.0,3202.0,377523.0
2021-01-10,209919.0,22610579.0,253167.0,11935622.0,2089.0,379612.0
2021-01-11,204673.0,22815252.0,1076005.0,13011627.0,1857.0,381469.0
2021-01-12,222264.0,23037516.0,1265002.0,14276629.0,4373.0,385842.0
2021-01-13,228717.0,23266233.0,1331748.0,15608377.0,3987.0,389829.0
2021-01-14,234948.0,23501181.0,1323700.0,16932077.0,3775.0,393604.0
2021-01-15,244383.0,23745564.0,1264868.0,18196945.0,3816.0,397420.0
2021-01-16,216911.0,23962475.0,651524.0,18848469.0,3551.0,400971.0
2021-01-17,176138.0,24138613.0,306871.0,19155340.0,1982.0,402953.0
2021-01-18,141272.0,24279885.0,893462.0,20048802.0,1581.0,404534.0
2021-01-19,156991.0,24436876.0,1355958.0,21404760.0,2403.0,406937.0
2021-01-20,187678.0,24624554.0,1613998.0,23018758.0,4389.0,411326.0
2021-01-21,192067.0,24816621.0,1641036.0,24659794.0,4103.0,415429.0
2021-01-22,191449.0,25008070.0,1643419.0,26303213.0,3777.0,419206.0
2021-01-23,177247.0,25185317.0,910129.0,27213342.0,3523.0,422729.0
2021-01-24,139780.0,25325097.0,402491.0,27615833.0,1826.0,424555.0
2021-01-25,130031.0,25455128.0,1380017.0,28995850.0,1782.0,426337.0
2021-01-26,151277.0,25606405.0,1669497.0,30665347.0,3979.0,430316.0
2021-01-27,155204.0,25761609.0,1938007.0,32603354.0,4064.0,434380.0
2021-01-28,166710.0,25928319.0,1968328.0,34571682.0,3807.0,438187.0
2021-01-29,163312.0,26091631.0,1921989.0,36493671.0,3563.0,441750.0
2021-01-30,150368.0,26241999.0,1020844.0,37514515.0,2857.0,444607.0
2021-01-31,112553.0,26354552.0,460356.0,37974871.0,1931.0,446538.0
2021-02-01,125895.0,26480447.0,1406392.0,39381263.0,1781.0,448319.0
2021-02-02,117470.0,26597917.0,1704571.0,41085834.0,3536.0,451855.0
2021-02-03,124432.0,26722349.0,2147495.0,43233329.0,3864.0,455719.0
2021-02-04,124653.0,26847002.0,2353378.0,45586707.0,3883.0,459602.0
2021-02-05,130427.0,26977429.0,2366138.0,47952845.0,3661.0,463263.0
2021-02-06,116241.0,27093670.0,1305159.0,49258004.0,2727.0,465990.0
2021-02-07,89165.0,27182835.0,445983.0,49703987.0,1462.0,467452.0
2021-02-08,83203.0,27266038.0,1586046.0,51290033.0,1450.0,468902.0
2021-02-09,95702.0,27361740.0,1980577.0,53270610.0,3032.0,471934.0
2021-02-10,95704.0,27457444.0,2315514.0,55586124.0,3361.0,475295.0
2021-02-11,106168.0,27563612.0,2416570.0,58002694.0,3159.0,478454.0
2021-02-12,99571.0,27663183.0,2597552.0,60600246.0,2838.0,481292.0
2021-02-13,90328.0,27753511.0,1480138.0,62080384.0,2251.0,483543.0
2021-02-14,68190.0,27821701.0,593836.0,62674220.0,1151.0,484694.0
2021-02-15,56166.0,27877867.0,1185004.0,63859224.0,947.0,485641.0
2021-02-16,59822.0,27937689.0,1628249.0,65487473.0,1644.0,487285.0
2021-02-17,68991.0,28006680.0,1975874.0,67463347.0,2407.0,489692.0
2021-02-18,72248.0,28078928.0,1867511.0,69330858.0,2558.0,492250.0
2021-02-19,74872.0,28153800.0,1973622.0,71304480.0,2516.0,494766.0
2021-02-20,73537.0,28227337.0,1311899.0,72616379.0,1915.0,496681.0
2021-02-21,55247.0,28282584.0,600007.0,73216386.0,1210.0,497891.0
2021-02-22,56074.0,28338658.0,1469740.0,74686126.0,1210.0,499101.0
2021-02-23,73821.0,28412479.0,1946913.0,76633039.0,2258.0,501359.0
2021-02-24,75015.0,28487494.0,2535634.0,79168673.0,3216.0,504575.0
2021-02-25,77078.0,28564572.0,2945356.0,82114029.0,2413.0,506988.0
2021-02-26,74942.0,28639514.0,3122119.0,85236148.0,2131.0,509119.0
2021-02-27,70809.0,28710323.0,1998793.0,87234941.0,1513.0,510632.0
2021-02-28,51653.0,28761976.0,858202.0,88093143.0,1086.0,511718.0
2021-03-01,50155.0,28812131.0,2085682.0,90178825.0,1317.0,513035.0
2021-03-02,58667.0,28870798.0,2474795.0,92653620.0,1913.0,514948.0
2021-03-03,67082.0,28937880.0,2916946.0,95570566.0,2522.0,517470.0
2021-03-04,68480.0,29006360.0,3212392.0,98782958.0,1924.0,519394.0
2021-03-05,67203.0,29073563.0,3244163.0,102027121.0,1714.0,521108.0
2021-03-06,60747.0,29134310.0,2070641.0,104097762.0,1519.0,522627.0
2021-03-07,41540.0,29175850.0,934063.0,105031825.0,702.0,523329.0
2021-03-08,44799.0,29220649.0,2175658.0,107207483.0,719.0,524048.0
2021-03-09,55825.0,29276474.0,2723122.0,109930605.0,1761.0,525809.0
2021-03-10,57718.0,29334192.0,3147114.0,113077719.0,1536.0,527345.0
2021-03-11,61760.0,29395952.0,3469307.0,116547026.0,1542.0,528887.0
2021-03-12,62283.0,29458235.0,3451869.0,119998895.0,1423.0,530310.0
2021-03-13,56266.0,29514501.0,2198417.0,122197312.0,967.0,531277.0
2021-03-14,38563.0,29553064.0,985940.0,123183252.0,515.0,531792.0
2021-03-15,51565.0,29604629.0,2283995.0,125467247.0,706.0,532498.0
2021-03-16,55075.0,29659704.0,2893576.0,128360823.0,1251.0,533749.0
2021-03-17,59882.0,29719586.0,3172879.0,131533702.0,1194.0,534943.0
2021-03-18,62206.0,29781792.0,3402865.0,134936567.0,1631.0,536574.0
2021-03-19,60912.0,29842704.0,3322508.0,138259075.0,1023.0,537597.0
2021-03-20,58250.0,29900954.0,2165030.0,140424105.0,770.0,538367.0
2021-03-21,35407.0,29936361.0,1026618.0,141450723.0,707.0,539074.0
2021-03-22,48435.0,29984796.0,2356816.0,143807539.0,554.0,539628.0
2021-03-23,52761.0,30037557.0,3059117.0,146866656.0,944.0,540572.0
2021-03-24,87835.0,30125392.0,3554026.0,150420682.0,1462.0,542034.0
2021-03-25,67388.0,30192780.0,3824282.0,154244964.0,1345.0,543379.0
2021-03-26,76140.0,30268920.0,3813661.0,158058625.0,1156.0,544535.0
2021-03-27,63784.0,30332704.0,2477586.0,160536211.0,805.0,545340.0
2021-03-28,46372.0,30379076.0,1212391.0,161748602.0,442.0,545782.0
2021-03-29,66673.0,30445749.0,2835980.0,164584582.0,636.0,546418.0
2021-03-30,62223.0,30507972.0,3590281.0,168174863.0,891.0,547309.0
2021-03-31,69411.0,30577383.0,4172995.0,172347858.0,1071.0,548380.0
2021-04-01,76850.0,30654233.0,4569742.0,176917600.0,1100.0,549480.0
2021-04-02,73882.0,30728115.0,3643082.0,180560682.0,892.0,550372.0
2021-04-03,64496.0,30792611.0,2306254.0,182866936.0,756.0,551128.0
2021-04-04,37867.0,30830478.0,765570.0,183632506.0,313.0,551441.0
2021-04-05,68251.0,30898729.0,3101211.0,186733717.0,466.0,551907.0
2021-04-06,63389.0,30962118.0,3972636.0,190706353.0,832.0,552739.0
2021-04-07,75757.0,31037875.0,4357332.0,195063685.0,2602.0,555341.0
2021-04-08,79843.0,31117718.0,4496130.0,199559815.0,1012.0,556353.0
2021-04-09,84418.0,31202136.0,4309484.0,203869299.0,903.0,557256.0
2021-04-10,70345.0,31272481.0,2890849.0,206760148.0,760.0,558016.0
2021-04-11,47325.0,31319806.0,1401646.0,208161794.0,292.0,558308.0
2021-04-12,63229.0,31383035.0,3023119.0,211184913.0,453.0,558761.0
2021-04-13,80691.0,31463726.0,3483073.0,214667986.0,864.0,559625.0
2021-04-14,74982.0,31538708.0,3706279.0,218374265.0,937.0,560562.0
2021-04-15,74221.0,31612929.0,3758139.0,222132404.0,907.0,561469.0
2021-04-16,82769.0,31695698.0,3612177.0,225744581.0,870.0,562339.0
2021-04-17,55355.0,31751053.0,2368940.0,228113521.0,709.0,563048.0
2021-04-18,43820.0,31794873.0,1136032.0,229249553.0,350.0,563398.0
2021-04-19,59870.0,31854743.0,2590057.0,231839610.0,496.0,563894.0
2021-04-20,62305.0,31917048.0,3238885.0,235078495.0,837.0,564731.0
2021-04-21,64711.0,31981759.0,3486109.0,238564604.0,898.0,565629.0
2021-04-22,66184.0,32047943.0,3506569.0,242071173.0,941.0,566570.0
2021-04-23,62674.0,32110617.0,3308473.0,245379646.0,763.0,567333.0
2021-04-24,54287.0,32164904.0,2213909.0,247593555.0,750.0,568083.0
2021-04-25,34401.0,32199305.0,995830.0,248589385.0,309.0,568392.0
2021-04-26,43309.0,32242614.0,2398546.0,250987931.0,481.0,568873.0
2021-04-27,52021.0,32294635.0,2905280.0,253893211.0,666.0,569539.0
2021-04-28,55867.0,32350502.0,3099535.0,256992746.0,984.0,570523.0
2021-04-29,57682.0,32408184.0,3059299.0,260052045.0,884.0,571407.0
2021-04-30,57736.0,32465920.0,2921736.0,262973781.0,804.0,572211.0
2021-05-01,48159.0,32514079.0,1865376.0,264839157.0,749.0,572960.0
2021-05-02,30594.0,32544673.0,881991.0,265721148.0,323.0,573283.0
2021-05-03,45399.0,32590072.0,1969648.0,267690796.0,486.0,573769.0
2021-05-04,42720.0,32632792.0,2508346.0,270199142.0,875.0,574644.0
2021-05-05,45816.0,32678608.0,2561015.0,272760157.0,814.0,575458.0
2021-05-06,45930.0,32724538.0,2532970.0,275293127.0,796.0,576254.0
2021-05-07,48178.0,32772716.0,2519735.0,277812862.0,758.0,577012.0
2021-05-08,34955.0,32807671.0,1541726.0,279354588.0,639.0,577651.0
2021-05-09,22735.0,32830406.0,617159.0,279971747.0,263.0,577914.0
2021-05-10,32813.0,32863219.0,1611152.0,281582899.0,402.0,578316.0
2021-05-11,35276.0,32898495.0,2056011.0,283638910.0,680.0,578996.0
2021-05-12,35975.0,32934470.0,2024992.0,285663902.0,766.0,579762.0
2021-05-13,37873.0,32972343.0,2286438.0,287950340.0,747.0,580509.0
2021-05-14,41601.0,33013944.0,2461226.0,290411566.0,631.0,581140.0
2021-05-15,30467.0,33044411.0,1853618.0,292265184.0,524.0,581664.0
2021-05-16,17632.0,33062043.0,936044.0,293201228.0,269.0,581933.0
2021-05-17,25530.0,33087573.0,1830352.0,295031580.0,402.0,582335.0
2021-05-18,29008.0,33116581.0,2081774.0,297113354.0,781.0,583116.0
2021-05-19,29071.0,33145652.0,2095879.0,299209233.0,654.0,583770.0
2021-05-20,29993.0,33175645.0,2027235.0,301236468.0,684.0,584454.0
2021-05-21,28677.0,33204322.0,2069950.0,303306418.0,602.0,585056.0
2021-05-22,20905.0,33225227.0,1454228.0,304760646.0,488.0,585544.0
2021-05-23,13785.0,33239012.0,659748.0,305420394.0,205.0,585749.0
2021-05-24,22170.0,33261182.0,1327076.0,306747470.0,441.0,586190.0
2021-05-25,23797.0,33284979.0,1443177.0,308190647.0,639.0,586829.0
2021-05-26,24371.0,33309350.0,1440047.0,309630694.0,985.0,587814.0
2021-05-27,26535.0,33335885.0,1353883.0,310984577.0,1350.0,589164.0
2021-05-28,21924.0,33357809.0,1336147.0,312320724.0,535.0,589699.0
2021-05-29,12978.0,33370787.0,767703.0,313088427.0,328.0,590027.0
2021-05-30,7204.0,33377991.0,386178.0,313474605.0,148.0,590175.0
2021-05-31,6349.0,33384340.0,203662.0,313678267.0,181.0,590356.0
2021-06-01,21089.0,33405429.0,1283099.0,314961366.0,643.0,590999.0
2021-06-02,16586.0,33422015.0,1124927.0,316086293.0,560.0,591559.0
2021-06-03,17980.0,33439995.0,1253351.0,317339644.0,631.0,592190.0
2021-06-04,17537.0,33457532.0,1409744.0,318749388.0,517.0,592707.0
2021-06-05,15156.0,33472688.0,1075445.0,319824833.0,584.0,593291.0
2021-06-06,5896.0,33478584.0,518712.0,320343545.0,169.0,593460.0
2021-06-07,14189.0,33492773.0,1077271.0,321420816.0,310.0,593770.0
2021-06-08,12794.0,33505567.0,1181534.0,322602350.0,308.0,594078.0
2021-06-09,18207.0,33523774.0,1172847.0,323775197.0,475.0,594553.0
2021-06-10,14515.0,33538289.0,1175450.0,324950647.0,403.0,594956.0
2021-06-11,24516.0,33562805.0,1238359.0,326189006.0,526.0,595482.0
2021-06-12,8821.0,33571626.0,896839.0,327085845.0,268.0,595750.0
2021-06-13,5026.0,33576652.0,395392.0,327481237.0,112.0,595862.0
2021-06-14,11904.0,33588556.0,918955.0,328400192.0,189.0,596051.0
2021-06-15,10645.0,33599201.0,983910.0,329384102.0,323.0,596374.0
2021-06-16,11753.0,33610954.0,949930.0,330334032.0,383.0,596757.0
2021-06-17,11519.0,33622473.0,898682.0,331232714.0,299.0,597056.0
2021-06-18,20985.0,33643458.0,927242.0,332159956.0,600.0,597656.0
2021-06-19,8885.0,33652343.0,576925.0,332736881.0,170.0,597826.0
2021-06-20,4925.0,33657268.0,278086.0,333014967.0,79.0,597905.0
2021-06-21,10732.0,33668000.0,564579.0,333579546.0,260.0,598165.0
2021-06-22,10768.0,33678768.0,759065.0,334338611.0,344.0,598509.0
2021-06-23,12498.0,33691266.0,739795.0,335078406.0,386.0,598895.0
2021-06-24,14193.0,33705459.0,702678.0,335781084.0,341.0,599236.0
2021-06-25,24521.0,33729980.0,770586.0,336551670.0,528.0,599764.0
2021-06-26,9059.0,33739039.0,501312.0,337052982.0,161.0,599925.0
2021-06-27,4659.0,33743698.0,268728.0,337321710.0,75.0,600000.0
2021-06-28,13770.0,33757468.0,557202.0,337878912.0,159.0,600159.0
2021-06-29,7526.0,33764994.0,631292.0,338510204.0,329.0,600488.0
2021-06-30,15285.0,33780279.0,634803.0,339145007.0,300.0,600788.0
2021-07-01,14921.0,33795200.0,614579.0,339759586.0,283.0,601071.0
2021-07-02,29618.0,33824818.0,623133.0,340382719.0,434.0,601505.0
2021-07-03,5270.0,33830088.0,358465.0,340741184.0,83.0,601588.0
2021-07-04,4265.0,33834353.0,50760.0,340791944.0,40.0,601628.0
2021-07-05,9161.0,33843514.0,398663.0,341190607.0,121.0,601749.0
2021-07-06,22573.0,33866087.0,586246.0,341776853.0,306.0,602055.0
2021-07-07,20148.0,33886235.0,573090.0,342349943.0,327.0,602382.0
2021-07-08,20878.0,33907113.0,568513.0,342918456.0,250.0,602632.0
2021-07-09,46989.0,33954102.0,633882.0,343552338.0,462.0,603094.0
2021-07-10,10017.0,33964119.0,401690.0,343954028.0,78.0,603172.0
2021-07-11,11761.0,33975880.0,217212.0,344171240.0,121.0,603293.0
2021-07-12,29661.0,34005541.0,522823.0,344694063.0,235.0,603528.0
2021-07-13,26474.0,34032015.0,529076.0,345223139.0,357.0,603885.0
2021-07-14,31148.0,34063163.0,534196.0,345757335.0,327.0,604212.0
2021-07-15,31942.0,34095105.0,543326.0,346300661.0,356.0,604568.0
2021-07-16,78032.0,34173137.0,624625.0,346925286.0,453.0,605021.0
2021-07-17,14066.0,34187203.0,400822.0,347326108.0,72.0,605093.0
2021-07-18,20370.0,34207573.0,234338.0,347560446.0,95.0,605188.0
2021-07-19,49227.0,34256800.0,568769.0,348129215.0,198.0,605386.0
2021-07-20,39888.0,34296688.0,604253.0,348733468.0,290.0,605676.0
2021-07-21,47871.0,34344559.0,633046.0,349366514.0,363.0,606039.0
2021-07-22,56436.0,34400995.0,650902.0,350017416.0,288.0,606327.0
2021-07-23,120805.0,34521800.0,748521.0,350765937.0,552.0,606879.0
2021-07-24,29349.0,34551149.0,464374.0,351230311.0,136.0,607015.0
2021-07-25,28625.0,34579774.0,260276.0,351490587.0,102.0,607117.0
2021-07-26,78555.0,34658329.0,645366.0,352135953.0,250.0,607367.0
2021-07-27,65071.0,34723400.0,703634.0,352839587.0,458.0,607825.0
2021-07-28,73582.0,34796982.0,722929.0,353562516.0,383.0,608208.0
2021-07-29,72362.0,34869344.0,723477.0,354285993.0,318.0,608526.0
2021-07-30,191182.0,35060526.0,840025.0,355126018.0,885.0,609411.0
2021-07-31,44671.0,35105197.0,517951.0,355643969.0,176.0,609587.0
2021-08-01,45377.0,35150574.0,335943.0,355979912.0,233.0,609820.0
2021-08-02,107521.0,35258095.0,722871.0,356702783.0,343.0,610163.0
2021-08-03,97969.0,35356064.0,765653.0,357468436.0,586.0,610749.0
2021-08-04,102507.0,35458571.0,781021.0,358249457.0,546.0,611295.0
2021-08-05,109590.0,35568161.0,796266.0,359045723.0,526.0,611821.0
2021-08-06,251909.0,35820070.0,912745.0,359958468.0,1133.0,612954.0
2021-08-07,63881.0,35883951.0,560594.0,360519062.0,266.0,613220.0
2021-08-08,35686.0,35919637.0,352259.0,360871321.0,135.0,613355.0
2021-08-09,158431.0,36078068.0,786756.0,361658077.0,517.0,613872.0
2021-08-10,118193.0,36196261.0,804365.0,362462442.0,832.0,614704.0
2021-08-11,154580.0,36350841.0,773374.0,363235816.0,805.0,615509.0
2021-08-12,143811.0,36494652.0,808431.0,364044247.0,1032.0,616541.0
2021-08-13,226845.0,36721497.0,951706.0,364995953.0,1059.0,617600.0
2021-08-14,74175.0,36795672.0,627558.0,365623511.0,270.0,617870.0
2021-08-15,47862.0,36843534.0,401671.0,366025182.0,217.0,618087.0
2021-08-16,193358.0,37036892.0,874701.0,366899883.0,1041.0,619128.0
2021-08-17,151112.0,37188004.0,928973.0,367828856.0,1024.0,620152.0
2021-08-18,167352.0,37355356.0,958460.0,368787316.0,1204.0,621356.0
2021-08-19,155278.0,37510634.0,950086.0,369737402.0,1787.0,623143.0
2021-08-20,239134.0,37749768.0,1112535.0,370849937.0,1462.0,624605.0
2021-08-21,93504.0,37843272.0,669880.0,371519817.0,577.0,625182.0
2021-08-22,45358.0,37888630.0,392989.0,371912806.0,220.0,625402.0
2021-08-23,206185.0,38094815.0,924349.0,372837155.0,1336.0,626738.0
2021-08-24,155192.0,38250007.0,954757.0,373791912.0,1435.0,628173.0
2021-08-25,179208.0,38429215.0,971412.0,374763324.0,1553.0,629726.0
2021-08-26,183762.0,38612977.0,994494.0,375757818.0,2222.0,631948.0
2021-08-27,238356.0,38851333.0,1175296.0,376933114.0,1743.0,633691.0
2021-08-28,80135.0,38931468.0,715143.0,377648257.0,652.0,634343.0
2021-08-29,53176.0,38984644.0,432371.0,378080628.0,326.0,634669.0
2021-08-30,227931.0,39212575.0,935561.0,379016189.0,1713.0,636382.0
2021-08-31,179968.0,39392543.0,940790.0,379956979.0,1444.0,637826.0
2021-09-01,190608.0,39583151.0,949441.0,380906420.0,2044.0,639870.0
2021-09-02,179069.0,39762220.0,899444.0,381805864.0,3007.0,642877.0
2021-09-03,235249.0,39997469.0,1045283.0,382851147.0,1940.0,644817.0
2021-09-04,87299.0,40084768.0,563056.0,383414203.0,653.0,645470.0
2021-09-05,64682.0,40149450.0,368042.0,383782245.0,428.0,645898.0
2021-09-06,89989.0,40239439.0,178623.0,383960868.0,608.0,646506.0
2021-09-07,210046.0,40449485.0,914440.0,384875308.0,2096.0,648602.0
2021-09-08,177769.0,40627254.0,850397.0,385725705.0,2319.0,650921.0
2021-09-09,166656.0,40793910.0,853223.0,386578928.0,3228.0,654149.0
2021-09-10,241831.0,41035741.0,1040545.0,387619473.0,2461.0,656610.0
2021-09-11,90449.0,41126190.0,602872.0,388222345.0,839.0,657449.0
2021-09-12,49570.0,41175760.0,353619.0,388575964.0,380.0,657829.0
2021-09-13,207728.0,41383488.0,785769.0,389361733.0,2157.0,659986.0
2021-09-14,145540.0,41529028.0,754802.0,390116535.0,1928.0,661914.0
2021-09-15,173417.0,41702445.0,768677.0,390885212.0,2739.0,664653.0
2021-09-16,158606.0,41861051.0,765916.0,391651128.0,3493.0,668146.0
2021-09-17,210711.0,42071762.0,908987.0,392560115.0,2454.0,670600.0
2021-09-18,76252.0,42148014.0,525125.0,393085240.0,1010.0,671610.0
2021-09-19,46003.0,42194017.0,311103.0,393396343.0,404.0,672014.0
2021-09-20,169417.0,42363434.0,702164.0,394098507.0,2307.0,674321.0
2021-09-21,121821.0,42485255.0,682088.0,394780595.0,2447.0,676768.0
2021-09-22,131731.0,42616986.0,669545.0,395450140.0,2691.0,679459.0
2021-09-23,129034.0,42746020.0,679795.0,396129935.0,3308.0,682767.0
2021-09-24,174644.0,42920664.0,988367.0,397118302.0,2484.0,685251.0
2021-09-25,61850.0,42982514.0,674113.0,397792415.0,857.0,686108.0
2021-09-26,55627.0,43038141.0,410642.0,398203057.0,592.0,686700.0
2021-09-27,153935.0,43192076.0,1031933.0,399234990.0,2259.0,688959.0
2021-09-28,113142.0,43305218.0,1136361.0,400371351.0,2518.0,691477.0
2021-09-29,122000.0,43427218.0,1144189.0,401515540.0,2640.0,694117.0
2021-09-30,110088.0,43537306.0,1170365.0,402685905.0,2826.0,696943.0
2021-10-01,154908.0,43692214.0,1341252.0,404027157.0,2131.0,699074.0
2021-10-02,49755.0,43741969.0,632546.0,404659703.0,850.0,699924.0
2021-10-03,46228.0,43788197.0,367698.0,405027401.0,543.0,700467.0
2021-10-04,140597.0,43928794.0,989016.0,406016417.0,1932.0,702399.0
2021-10-05,95480.0,44024274.0,1021576.0,407037993.0,1894.0,704293.0
2021-10-06,112854.0,44137128.0,1037440.0,408075433.0,2660.0,706953.0
2021-10-07,101032.0,44238160.0,1039140.0,409114573.0,2473.0,709426.0
2021-10-08,130630.0,44368790.0,1165454.0,410280027.0,1804.0,711230.0
2021-10-09,40315.0,44409105.0,537523.0,410817550.0,452.0,711682.0
2021-10-10,40993.0,44450098.0,316062.0,411133612.0,494.0,712176.0
2021-10-11,92864.0,44542962.0,856426.0,411990038.0,1180.0,713356.0
2021-10-12,110944.0,44653906.0,933600.0,412923638.0,2289.0,715645.0
2021-10-13,108412.0,44762318.0,914099.0,413837737.0,3189.0,718834.0
2021-10-14,86123.0,44848441.0,917530.0,414755267.0,2191.0,721025.0
2021-10-15,108848.0,44957289.0,1060768.0,415816035.0,1823.0,722848.0
2021-10-16,41348.0,44998637.0,493832.0,416309867.0,596.0,723444.0
2021-10-17,33172.0,45031809.0,270546.0,416580413.0,480.0,723924.0
2021-10-18,96651.0,45128460.0,836088.0,417416501.0,1767.0,725691.0
2021-10-19,82600.0,45211060.0,827703.0,418244204.0,1966.0,727657.0
2021-10-20,92318.0,45303378.0,842835.0,419087039.0,3189.0,730846.0
2021-10-21,77271.0,45380649.0,865723.0,419952762.0,2016.0,732862.0
2021-10-22,95967.0,45476616.0,1385769.0,421338531.0,1871.0,734733.0
2021-10-23,34276.0,45510892.0,830914.0,422169445.0,574.0,735307.0
2021-10-24,20952.0,45531844.0,473878.0,422643323.0,280.0,735587.0
2021-10-25,109488.0,45641332.0,1531942.0,424175265.0,1467.0,737054.0
2021-10-26,67620.0,45708952.0,1571766.0,425747031.0,1607.0,738661.0
2021-10-27,102529.0,45811481.0,1629691.0,427376722.0,2061.0,740722.0
2021-10-28,74525.0,45886006.0,1617402.0,428994124.0,1856.0,742578.0
2021-10-29,94836.0,45980842.0,1795059.0,430789183.0,1733.0,744311.0
2021-10-30,36255.0,46017097.0,821837.0,431611020.0,400.0,744711.0
2021-10-31,34005.0,46051102.0,439495.0,432050515.0,258.0,744969.0
2021-11-01,109853.0,46160955.0,1490435.0,433540950.0,1253.0,746222.0
2021-11-02,70028.0,46230983.0,1510350.0,435051300.0,1290.0,747512.0
2021-11-03,86765.0,46317748.0,1574674.0,436625974.0,1989.0,749501.0
2021-11-04,81241.0,46398989.0,1651388.0,438277362.0,1202.0,750703.0
2021-11-05,97134.0,46496123.0,1927813.0,440205175.0,2123.0,752826.0
2021-11-06,37260.0,46533383.0,1044774.0,441249949.0,506.0,753332.0
2021-11-07,38970.0,46572353.0,560204.0,441810153.0,231.0,753563.0
2021-11-08,107330.0,46679683.0,1476203.0,443286356.0,1213.0,754776.0
2021-11-09,79908.0,46759591.0,1652481.0,444938837.0,1452.0,756228.0
2021-11-10,95244.0,46854835.0,1788290.0,446727127.0,1696.0,757924.0
2021-11-11,57538.0,46912373.0,1611025.0,448338152.0,901.0,758825.0
2021-11-12,144131.0,47056504.0,2004431.0,450342583.0,2452.0,761277.0
2021-11-13,46168.0,47102672.0,1182883.0,451525466.0,599.0,761876.0
2021-11-14,33871.0,47136543.0,582824.0,452108290.0,230.0,762106.0
2021-11-15,131061.0,47267604.0,1564994.0,453673284.0,1285.0,763391.0
2021-11-16,87985.0,47355589.0,1696579.0,455369863.0,1322.0,764713.0
2021-11-17,112530.0,47468119.0,1774313.0,457144176.0,1667.0,766380.0
2021-11-18,108536.0,47576655.0,1802300.0,458946476.0,1336.0,767716.0
2021-11-19,126267.0,47702922.0,2091329.0,461037805.0,1769.0,769485.0
2021-11-20,47186.0,47750108.0,1240983.0,462278788.0,475.0,769960.0
2021-11-21,41495.0,47791603.0,650335.0,462929123.0,248.0,770208.0
2021-11-22,140975.0,47932578.0,1830005.0,464759128.0,1250.0,771458.0
2021-11-23,91639.0,48024217.0,1802671.0,466561799.0,1360.0,772818.0
2021-11-24,111353.0,48135570.0,1396286.0,467958085.0,1699.0,774517.0
2021-11-25,37368.0,48172938.0,28711.0,467986796.0,485.0,775002.0
2021-11-26,54684.0,48227622.0,1213294.0,469200090.0,389.0,775391.0
2021-11-27,28395.0,48256017.0,897686.0,470097776.0,338.0,775729.0
2021-11-28,45080.0,48301097.0,594448.0,470692224.0,277.0,776006.0
2021-11-29,185173.0,48486270.0,1677152.0,472369376.0,1918.0,777924.0
2021-11-30,117450.0,48603720.0,1942395.0,474311771.0,1645.0,779569.0
2021-12-01,136941.0,48740661.0,2194076.0,476505847.0,2003.0,781572.0
2021-12-02,138195.0,48878856.0,2186184.0,478692031.0,3886.0,785458.0
2021-12-03,157939.0,49036795.0,2466519.0,481158550.0,1611.0,787069.0
2021-12-04,67917.0,49104712.0,1492923.0,482651473.0,699.0,787768.0
2021-12-05,56457.0,49161169.0,735051.0,483386524.0,412.0,788180.0
2021-12-06,175072.0,49336241.0,1843933.0,485230457.0,1429.0,789609.0
2021-12-07,112318.0,49448559.0,1923827.0,487154284.0,1517.0,791126.0
2021-12-08,149411.0,49597970.0,1940078.0,489094362.0,1823.0,792949.0
2021-12-09,123776.0,49721746.0,1939613.0,491033975.0,1552.0,794501.0
2021-12-10,157503.0,49879249.0,2127447.0,493161422.0,1753.0,796254.0
2021-12-11,57623.0,49936872.0,1263665.0,494425087.0,624.0,796878.0
2021-12-12,53378.0,49990250.0,634662.0,495059749.0,370.0,797248.0
2021-12-13,183382.0,50173632.0,1627161.0,496686910.0,1394.0,798642.0
2021-12-14,113219.0,50286851.0,1727856.0,498414766.0,1517.0,800159.0
2021-12-15,145714.0,50432565.0,1732050.0,500146816.0,2236.0,802395.0
2021-12-16,142013.0,50574578.0,1701902.0,501848718.0,1269.0,803664.0
2021-12-17,192609.0,50767187.0,1951416.0,503800134.0,1864.0,805528.0
2021-12-18,81546.0,50848733.0,1125940.0,504926074.0,679.0,806207.0
2021-12-19,90905.0,50939638.0,643373.0,505569447.0,320.0,806527.0
2021-12-20,241237.0,51180875.0,1851178.0,507420625.0,1552.0,808079.0
2021-12-21,182144.0,51363019.0,1982539.0,509403164.0,1914.0,809993.0
2021-12-22,247986.0,51611005.0,1875325.0,511278489.0,4187.0,814180.0
2021-12-23,274143.0,51885148.0,1469380.0,512747869.0,1407.0,815587.0
2021-12-24,248212.0,52133360.0,381908.0,513129777.0,689.0,816276.0
2021-12-25,88287.0,52221647.0,6823.0,513136600.0,242.0,816518.0
2021-12-26,183921.0,52405568.0,481435.0,513618035.0,370.0,816888.0
2021-12-27,506060.0,52911628.0,1532614.0,515150649.0,1846.0,818734.0
2021-12-28,372102.0,53283730.0,1700267.0,516850916.0,2291.0,821025.0
2021-12-29,511442.0,53795172.0,1685347.0,518536263.0,2368.0,823393.0
2021-12-30,597479.0,54392651.0,1542305.0,520078568.0,1490.0,824883.0
2021-12-31,511930.0,54904581.0,616321.0,520694889.0,731.0,825614.0
2022-01-01,192131.0,55096712.0,113684.0,520808573.0,401.0,826015.0
2022-01-02,296323.0,55393035.0,498920.0,521307493.0,406.0,826421.0
2022-01-03,1043266.0,56436301.0,1245635.0,522553128.0,1904.0,828325.0
2022-01-04,828119.0,57264420.0,1420100.0,523973228.0,2331.0,830656.0
2022-01-05,676221.0,57940641.0,1457416.0,525430644.0,2231.0,832887.0
2022-01-06,843523.0,58784164.0,1466723.0,526897367.0,2095.0,834982.0
2022-01-07,879564.0,59663728.0,1653393.0,528550760.0,2438.0,837420.0
2022-01-08,407766.0,60071494.0,1051033.0,529601793.0,871.0,838291.0
2022-01-09,493322.0,60564816.0,499083.0,530100876.0,619.0,838910.0
2022-01-10,1355216.0,61920032.0,1263548.0,531364424.0,2054.0,840964.0
2022-01-11,785237.0,62705269.0,1313186.0,532677610.0,2522.0,843486.0
2022-01-12,854456.0,63559725.0,1319329.0,533996939.0,2849.0,846335.0
2022-01-13,864151.0,64423876.0,1298295.0,535295234.0,2560.0,848895.0
2022-01-14,879728.0,65303604.0,1475001.0,536770235.0,2796.0,851691.0
2022-01-15,416106.0,65719710.0,792381.0,537562616.0,1008.0,852699.0
2022-01-16,486103.0,66205813.0,392015.0,537954631.0,762.0,853461.0
2022-01-17,659361.0,66865174.0,828665.0,538783296.0,1036.0,854497.0
2022-01-18,1132750.0,67997924.0,1003210.0,539786506.0,2739.0,857236.0
2022-01-19,910895.0,68908819.0,984477.0,540770983.0,3480.0,860716.0
2022-01-20,729227.0,69638046.0,941981.0,541712964.0,2931.0,863647.0
2022-01-21,827052.0,70465098.0,1087691.0,542800655.0,3390.0,867037.0
2022-01-22,308098.0,70773196.0,623151.0,543423806.0,1030.0,868067.0
2022-01-23,370057.0,71143253.0,332551.0,543756357.0,737.0,868804.0
2022-01-24,910556.0,72053809.0,800546.0,544556903.0,2180.0,870984.0
2022-01-25,492389.0,72546198.0,807562.0,545364465.0,3156.0,874140.0
2022-01-26,677566.0,73223764.0,796481.0,546160946.0,3867.0,878007.0
2022-01-27,502944.0,73726708.0,794067.0,546955013.0,2621.0,880628.0
2022-01-28,613113.0,74339821.0,960195.0,547915208.0,4091.0,884719.0
2022-01-29,181627.0,74521448.0,472387.0,548387595.0,1210.0,885929.0
2022-01-30,200482.0,74721930.0,265972.0,548653567.0,485.0,886414.0
2022-01-31,536570.0,75258500.0,634112.0,549287679.0,2607.0,889021.0
2022-02-01,326290.0,75584790.0,618973.0,549906652.0,3357.0,892378.0
2022-02-02,327740.0,75912530.0,576086.0,550482738.0,3588.0,895966.0
2022-02-03,273282.0,76185812.0,524246.0,551006984.0,2482.0,898448.0
2022-02-04,355052.0,76540864.0,660790.0,551667774.0,4122.0,902570.0
2022-02-05,87935.0,76628799.0,441083.0,552108857.0,925.0,903495.0
2022-02-06,84758.0,76713557.0,214968.0,552323825.0,466.0,903961.0
2022-02-07,343402.0,77056959.0,487125.0,552810950.0,2889.0,906850.0
2022-02-08,213769.0,77270728.0,505507.0,553316457.0,3001.0,909851.0
2022-02-09,187470.0,77458198.0,515189.0,553831646.0,3336.0,913187.0
2022-02-10,170357.0,77628555.0,513335.0,554344981.0,3251.0,916438.0
2022-02-11,208459.0,77837014.0,628417.0,554973398.0,2702.0,919140.0
2022-02-12,52634.0,77889648.0,349093.0,555322491.0,822.0,919962.0
2022-02-13,59070.0,77948718.0,153692.0,555476183.0,582.0,920544.0
2022-02-14,167598.0,78116316.0,343367.0,555819550.0,3182.0,923726.0
2022-02-15,110487.0,78226803.0,405090.0,556224640.0,2607.0,926333.0
2022-02-16,113925.0,78340728.0,417724.0,556642364.0,3183.0,929516.0
2022-02-17,100706.0,78441434.0,410846.0,557053210.0,2952.0,932468.0
2022-02-18,143995.0,78585429.0,529603.0,557582813.0,2503.0,934971.0
2022-02-19,31977.0,78617406.0,284164.0,557866977.0,686.0,935657.0
2022-02-20,23506.0,78640912.0,155193.0,558022170.0,446.0,936103.0
2022-02-21,79881.0,78720793.0,318915.0,558341085.0,916.0,937019.0
2022-02-22,89181.0,78809974.0,354956.0,558696041.0,2173.0,939192.0
2022-02-23,84132.0,78894106.0,345925.0,559041966.0,3092.0,942284.0
2022-02-24,66467.0,78960573.0,330566.0,559372532.0,2955.0,945239.0
2022-02-25,73691.0,79034264.0,395603.0,559768135.0,2081.0,947320.0
2022-02-26,47718.0,79081982.0,244423.0,560012558.0,762.0,948082.0
2022-02-27,18515.0,79100497.0,123876.0,560136434.0,225.0,948307.0
2022-02-28,96899.0,79197396.0,317903.0,560454337.0,2142.0,950449.0
2022-03-01,46408.0,79243804.0,280269.0,560734606.0,1768.0,952217.0
2022-03-02,53076.0,79296880.0,260324.0,560994930.0,2092.0,954309.0
2022-03-03,48458.0,79345338.0,256471.0,561251401.0,1708.0,956017.0
2022-03-04,50703.0,79396041.0,320965.0,561572366.0,1738.0,957755.0
2022-03-05,15206.0,79411247.0,183124.0,561755490.0,309.0,958064.0
2022-03-06,12603.0,79423850.0,89586.0,561845076.0,214.0,958278.0
2022-03-07,61535.0,79485385.0,212102.0,562057178.0,1698.0,959976.0
2022-03-08,29461.0,79514846.0,216440.0,562273618.0,1419.0,961395.0
2022-03-09,37031.0,79551877.0,215113.0,562488731.0,2024.0,963419.0
2022-03-10,45770.0,79597647.0,215093.0,562703824.0,1772.0,965191.0
2022-03-11,48855.0,79646502.0,261324.0,562965148.0,1660.0,966851.0
2022-03-12,10469.0,79656971.0,142853.0,563108001.0,279.0,967130.0
2022-03-13,11278.0,79668249.0,74514.0,563182515.0,193.0,967323.0
2022-03-14,34532.0,79702781.0,197043.0,563379558.0,1312.0,968635.0
2022-03-15,23505.0,79726286.0,206334.0,563585892.0,1082.0,969717.0
2022-03-16,51254.0,79777540.0,209112.0,563795004.0,1849.0,971566.0
2022-03-17,52026.0,79829566.0,199684.0,563994688.0,1497.0,973063.0
2022-03-18,31720.0,79861286.0,254903.0,564249591.0,816.0,973879.0
2022-03-19,11102.0,79872388.0,145701.0,564395292.0,285.0,974164.0
2022-03-20,11653.0,79884041.0,76177.0,564471469.0,88.0,974252.0
2022-03-21,41470.0,79925511.0,190194.0,564661663.0,1284.0,975536.0
2022-03-22,21226.0,79946737.0,184083.0,564845746.0,775.0,976311.0
2022-03-23,39931.0,79986668.0,194187.0,565039933.0,1640.0,977951.0
2022-03-24,42101.0,80028769.0,190052.0,565229985.0,866.0,978817.0
2022-03-25,44441.0,80073210.0,233760.0,565463745.0,620.0,979437.0
2022-03-26,9686.0,80082896.0,124386.0,565588131.0,151.0,979588.0
2022-03-27,12020.0,80094916.0,64428.0,565652559.0,61.0,979649.0
2022-03-28,37708.0,80132624.0,173831.0,565826390.0,1019.0,980668.0
2022-03-29,23242.0,80155866.0,198366.0,566024756.0,988.0,981656.0
2022-03-30,38136.0,80194002.0,402834.0,566427590.0,1169.0,982825.0
2022-03-31,44493.0,80238495.0,556631.0,566984221.0,518.0,983343.0
2022-04-01,31156.0,80269651.0,661019.0,567645240.0,830.0,984173.0
2022-04-02,12024.0,80281675.0,346049.0,567991289.0,158.0,984331.0
2022-04-03,4988.0,80286663.0,210118.0,568201407.0,60.0,984391.0
2022-04-04,38126.0,80324789.0,560476.0,568761883.0,594.0,984985.0
2022-04-05,24972.0,80349761.0,556688.0,569318571.0,512.0,985497.0
2022-04-06,39925.0,80389686.0,578828.0,569897399.0,1128.0,986625.0
2022-04-07,49679.0,80439365.0,584900.0,570482299.0,835.0,987460.0
2022-04-08,73190.0,80512555.0,675802.0,571158101.0,640.0,988100.0
2022-04-09,13055.0,80525610.0,338650.0,571496751.0,145.0,988245.0
2022-04-10,9814.0,80535424.0,197113.0,571693864.0,30.0,988275.0
2022-04-11,38125.0,80573549.0,581817.0,572275681.0,335.0,988610.0
2022-04-12,35224.0,80608773.0,616169.0,572891850.0,594.0,989204.0
2022-04-13,56075.0,80664848.0,583407.0,573475257.0,951.0,990155.0
2022-04-14,47860.0,80712708.0,590124.0,574065381.0,726.0,990881.0
2022-04-15,34194.0,80746902.0,569932.0,574635313.0,440.0,991321.0
2022-04-16,12805.0,80759707.0,260736.0,574896049.0,54.0,991375.0
2022-04-17,7923.0,80767630.0,59646.0,574955695.0,11.0,991386.0
2022-04-18,59574.0,80827204.0,515029.0,575470724.0,257.0,991643.0
2022-04-19,38492.0,80865696.0,543207.0,576013931.0,440.0,992083.0
2022-04-20,67805.0,80933501.0,536560.0,576550491.0,906.0,992989.0
2022-04-21,60469.0,80993970.0,505923.0,577056414.0,401.0,993390.0
2022-04-22,88823.0,81082793.0,494045.0,577550459.0,524.0,993914.0
2022-04-23,20276.0,81103069.0,261720.0,577812179.0,54.0,993968.0
2022-04-24,13971.0,81117040.0,134547.0,577946726.0,32.0,994000.0
2022-04-25,68273.0,81185313.0,429309.0,578376035.0,266.0,994266.0
2022-04-26,45156.0,81230469.0,457731.0,578833766.0,320.0,994586.0
2022-04-27,89827.0,81320296.0,476375.0,579310141.0,804.0,995390.0
2022-04-28,77123.0,81397419.0,480847.0,579790988.0,412.0,995802.0
2022-04-29,61252.0,81458671.0,513374.0,580304362.0,423.0,996225.0
2022-04-30,24644.0,81483315.0,242506.0,580546868.0,115.0,996340.0
2022-05-01,17354.0,81500669.0,133426.0,580680294.0,23.0,996363.0
2022-05-02,93903.0,81594572.0,393633.0,581073927.0,295.0,996658.0
2022-05-03,49926.0,81644498.0,421804.0,581495731.0,449.0,997107.0
2022-05-04,112359.0,81756857.0,418643.0,581914374.0,1952.0,999059.0
2022-05-05,88331.0,81845188.0,412910.0,582327284.0,300.0,999359.0
2022-05-06,129062.0,81974250.0,456617.0,582783901.0,381.0,999740.0
2022-05-07,28686.0,82002936.0,207722.0,582991623.0,188.0,999928.0
2022-05-08,6597.0,82009533.0,91343.0,583082966.0,30.0,999958.0
2022-05-09,129216.0,82138749.0,391065.0,583474031.0,255.0,1000213.0
2022-05-10,70724.0,82209473.0,423345.0,583897376.0,327.0,1000540.0
2022-05-11,161041.0,82370514.0,424962.0,584322338.0,684.0,1001224.0
2022-05-12,105472.0,82475986.0,435179.0,584757517.0,302.0,1001526.0
2022-05-13,87268.0,82563254.0,474413.0,585231930.0,207.0,1001733.0
2022-05-14,18121.0,82581375.0,239678.0,585471608.0,60.0,1001793.0
2022-05-15,33120.0,82614495.0,131299.0,585602907.0,37.0,1001830.0
2022-05-16,176961.0,82791456.0,388494.0,585991401.0,247.0,1002077.0
2022-05-17,85473.0,82876929.0,411758.0,586403159.0,397.0,1002474.0
2022-05-18,203882.0,83080811.0,421305.0,586824464.0,971.0,1003445.0
2022-05-19,135474.0,83216285.0,442149.0,587266613.0,335.0,1003780.0
2022-05-20,148787.0,83365072.0,513904.0,587780517.0,418.0,1004198.0
2022-05-21,28102.0,83393174.0,270216.0,588050733.0,76.0,1004274.0
2022-05-22,13361.0,83406535.0,154289.0,588205022.0,47.0,1004321.0
2022-05-23,149051.0,83555586.0,438479.0,588643501.0,245.0,1004566.0
2022-05-24,83868.0,83639454.0,429502.0,589073003.0,343.0,1004909.0
2022-05-25,210762.0,83850216.0,416953.0,589489956.0,1087.0,1005996.0
2022-05-26,135317.0,83985533.0,403742.0,589893698.0,356.0,1006352.0
2022-05-27,108004.0,84093537.0,448243.0,590341941.0,532.0,1006884.0
2022-05-28,14198.0,84107735.0,201599.0,590543540.0,39.0,1006923.0
2022-05-29,7059.0,84114794.0,112865.0,590656405.0,17.0,1006940.0
2022-05-30,62459.0,84177253.0,31851.0,590688256.0,42.0,1006982.0
2022-05-31,167336.0,84344589.0,376244.0,591064500.0,367.0,1007349.0
2022-06-01,228954.0,84573543.0,371365.0,591435865.0,677.0,1008026.0
2022-06-02,122130.0,84695673.0,361183.0,591797048.0,327.0,1008353.0
2022-06-03,156996.0,84852669.0,402556.0,592199604.0,400.0,1008753.0
2022-06-04,28050.0,84880719.0,192286.0,592391890.0,156.0,1008909.0
2022-06-05,16283.0,84897002.0,107139.0,592499029.0,34.0,1008943.0
2022-06-06,159742.0,85056744.0,319717.0,592818746.0,284.0,1009227.0
2022-06-07,86881.0,85143625.0,318485.0,593137231.0,475.0,1009702.0
2022-06-08,198919.0,85342544.0,322597.0,593459828.0,1198.0,1010900.0
2022-06-09,131628.0,85474172.0,313381.0,593773209.0,297.0,1011197.0
2022-06-10,106206.0,85580378.0,347513.0,594120722.0,367.0,1011564.0
2022-06-11,35233.0,85615611.0,162471.0,594283193.0,109.0,1011673.0
2022-06-12,17762.0,85633373.0,86819.0,594370012.0,29.0,1011702.0
2022-06-13,151751.0,85785124.0,269541.0,594639553.0,291.0,1011993.0
2022-06-14,90190.0,85875314.0,278570.0,594918123.0,364.0,1012357.0
2022-06-15,185162.0,86060476.0,283262.0,595201385.0,708.0,1013065.0
2022-06-16,129738.0,86190214.0,281068.0,595482453.0,443.0,1013508.0
2022-06-17,138843.0,86329057.0,298713.0,595781166.0,319.0,1013827.0
2022-06-18,17688.0,86346745.0,131501.0,595912667.0,41.0,1013868.0
2022-06-19,18063.0,86364808.0,62488.0,595975155.0,54.0,1013922.0
2022-06-20,96012.0,86460820.0,235124.0,596210279.0,95.0,1014017.0
2022-06-21,111376.0,86572196.0,269274.0,596479553.0,456.0,1014473.0
2022-06-22,185664.0,86757860.0,284894.0,596764447.0,855.0,1015328.0
2022-06-23,138396.0,86896256.0,285474.0,597049921.0,381.0,1015709.0
2022-06-24,117165.0,87013421.0,308643.0,597358564.0,446.0,1016155.0
2022-06-25,40907.0,87054328.0,162769.0,597521333.0,149.0,1016304.0
2022-06-26,22280.0,87076608.0,78950.0,597600283.0,21.0,1016325.0
2022-06-27,160239.0,87236847.0,252702.0,597852985.0,299.0,1016624.0
2022-06-28,97893.0,87334740.0,265927.0,598118912.0,576.0,1017200.0
2022-06-29,190271.0,87525011.0,271852.0,598390764.0,727.0,1017927.0
2022-06-30,167429.0,87692440.0,279928.0,598670692.0,,1017651.0
2022-07-01,156839.0,87849279.0,277731.0,598948423.0,502.0,1018153.0
2022-07-02,20340.0,87869619.0,114249.0,599062672.0,45.0,1018198.0
2022-07-03,8444.0,87878063.0,58853.0,599121525.0,7.0,1018205.0
2022-07-04,76282.0,87954345.0,13023.0,599134548.0,79.0,1018284.0
2022-07-05,141901.0,88096246.0,251497.0,599386045.0,462.0,1018746.0
2022-07-06,200734.0,88296980.0,265415.0,599651460.0,768.0,1019514.0
2022-07-07,138835.0,88435815.0,272172.0,599923632.0,1073.0,1020587.0
2022-07-08,137725.0,88573540.0,306447.0,600230079.0,531.0,1021118.0
2022-07-09,28983.0,88602523.0,147060.0,600377139.0,49.0,1021167.0
2022-07-10,24526.0,88627049.0,78211.0,600455350.0,31.0,1021198.0
2022-07-11,201283.0,88828332.0,268928.0,600724278.0,470.0,1021668.0
2022-07-12,148233.0,88976565.0,299899.0,601024177.0,565.0,1022233.0
2022-07-13,204669.0,89181234.0,344869.0,601369046.0,976.0,1023209.0
2022-07-14,175157.0,89356391.0,365555.0,601734601.0,374.0,1023583.0
2022-07-15,153177.0,89509568.0,413699.0,602148300.0,510.0,1024093.0
2022-07-16,39189.0,89548757.0,212847.0,602361147.0,53.0,1024146.0
2022-07-17,29597.0,89578354.0,115647.0,602476794.0,54.0,1024200.0
2022-07-18,165266.0,89743620.0,358910.0,602835704.0,441.0,1024641.0
2022-07-19,117279.0,89860899.0,358754.0,603194458.0,632.0,1025273.0
2022-07-20,216743.0,90077642.0,343330.0,603537788.0,902.0,1026175.0
2022-07-21,175440.0,90253082.0,362184.0,603899972.0,497.0,1026672.0
2022-07-22,131387.0,90384469.0,411395.0,604311367.0,581.0,1027253.0
2022-07-23,26328.0,90410797.0,200938.0,604512305.0,71.0,1027324.0
2022-07-24,23247.0,90434044.0,99033.0,604611338.0,31.0,1027355.0
2022-07-25,189954.0,90623998.0,308565.0,604919903.0,426.0,1027781.0
2022-07-26,132211.0,90756209.0,318622.0,605238525.0,550.0,1028331.0
2022-07-27,240124.0,90996333.0,306392.0,605544917.0,955.0,1029286.0
2022-07-28,177045.0,91173378.0,304301.0,605849218.0,402.0,1029688.0
2022-07-29,159237.0,91332615.0,320331.0,606169549.0,625.0,1030313.0
2022-07-30,16015.0,91348630.0,139023.0,606308572.0,31.0,1030344.0
2022-07-31,12997.0,91361627.0,68453.0,606377025.0,13.0,1030357.0
2022-08-01,170166.0,91531793.0,239562.0,606616587.0,574.0,1030931.0
2022-08-02,90973.0,91622766.0,255650.0,606872237.0,510.0,1031441.0
2022-08-03,200706.0,91823472.0,250590.0,607122827.0,1096.0,1032537.0
2022-08-04,187118.0,92010590.0,246071.0,607368898.0,621.0,1033158.0
2022-08-05,106026.0,92116616.0,264048.0,607632946.0,717.0,1033875.0
2022-08-06,14980.0,92131596.0,123036.0,607755982.0,41.0,1033916.0
2022-08-07,12601.0,92144197.0,63242.0,607819224.0,31.0,1033947.0
2022-08-08,155667.0,92299864.0,217932.0,608037156.0,501.0,1034448.0
2022-08-09,99808.0,92399672.0,225167.0,608262323.0,645.0,1035093.0
2022-08-10,196519.0,92596191.0,211709.0,608474032.0,946.0,1036039.0
2022-08-11,162711.0,92758902.0,214866.0,608688898.0,556.0,1036595.0
2022-08-12,96732.0,92855634.0,236843.0,608925741.0,657.0,1037252.0
2022-08-13,83669.0,92939303.0,106054.0,609031795.0,46.0,1037298.0
2022-08-14,9742.0,92949045.0,52400.0,609084195.0,16.0,1037314.0
2022-08-15,123143.0,93072188.0,194787.0,609278982.0,470.0,1037784.0
2022-08-16,91878.0,93164066.0,201680.0,609480662.0,511.0,1038295.0
2022-08-17,137020.0,93301086.0,199007.0,609679669.0,1109.0,1039404.0
2022-08-18,149002.0,93450088.0,191617.0,609871286.0,608.0,1040012.0
2022-08-19,77636.0,93527724.0,210158.0,610081444.0,590.0,1040602.0
2022-08-20,11054.0,93538778.0,86052.0,610167496.0,44.0,1040646.0
2022-08-21,9786.0,93548564.0,42849.0,610210345.0,788.0,1041434.0
2022-08-22,129194.0,93677758.0,163417.0,610373762.0,,1041182.0
2022-08-23,99340.0,93777098.0,173256.0,610547018.0,617.0,1041799.0
2022-08-24,151870.0,93928968.0,171927.0,610718945.0,965.0,1042764.0
2022-08-25,139527.0,94068495.0,167654.0,610886599.0,615.0,1043379.0
2022-08-26,120680.0,94189175.0,176903.0,611063502.0,704.0,1044083.0
2022-08-27,11758.0,94200933.0,76842.0,611140344.0,38.0,1044121.0
2022-08-28,8430.0,94209363.0,37733.0,611178077.0,18.0,1044139.0
2022-08-29,106215.0,94315578.0,138769.0,611316846.0,482.0,1044621.0
2022-08-30,75768.0,94391346.0,145307.0,611462153.0,404.0,1045025.0
2022-08-31,154514.0,94545860.0,131472.0,611593625.0,1525.0,1046550.0
2022-09-01,130617.0,94676477.0,89871.0,611683496.0,681.0,1047231.0
2022-09-02,64681.0,94741158.0,86976.0,611770472.0,480.0,1047711.0
2022-09-03,11387.0,94752545.0,54744.0,611825216.0,36.0,1047747.0
2022-09-04,7420.0,94759965.0,41452.0,611866668.0,14.0,1047761.0
2022-09-05,33596.0,94793561.0,11634.0,611878302.0,89.0,1047850.0
2022-09-06,112692.0,94906253.0,170890.0,612049192.0,606.0,1048456.0
2022-09-07,124040.0,95030293.0,383884.0,612433076.0,803.0,1049259.0
2022-09-08,107121.0,95137414.0,408172.0,612841248.0,688.0,1049947.0
2022-09-09,100812.0,95238226.0,526493.0,613367741.0,547.0,1050494.0
2022-09-10,10117.0,95248343.0,301051.0,613668792.0,38.0,1050532.0
2022-09-11,8985.0,95257328.0,191227.0,613860019.0,20.0,1050552.0
2022-09-12,69523.0,95326851.0,525350.0,614385369.0,461.0,1051013.0
2022-09-13,79725.0,95406576.0,507300.0,614892669.0,519.0,1051532.0
2022-09-14,103659.0,95510235.0,545647.0,615438316.0,971.0,1052503.0
2022-09-15,83363.0,95593598.0,550642.0,615988958.0,671.0,1053174.0
2022-09-16,56241.0,95649839.0,664416.0,616653374.0,431.0,1053605.0
2022-09-17,8534.0,95658373.0,318941.0,616972315.0,34.0,1053639.0
2022-09-18,5459.0,95663832.0,183158.0,617155473.0,21.0,1053660.0
2022-09-19,55797.0,95719629.0,583313.0,617738786.0,397.0,1054057.0
2022-09-20,69291.0,95788920.0,595712.0,618334498.0,439.0,1054496.0
2022-09-21,98437.0,95887357.0,653421.0,618987919.0,992.0,1055488.0
2022-09-22,80990.0,95968347.0,645428.0,619633347.0,662.0,1056150.0
2022-09-23,83297.0,96051644.0,768000.0,620401347.0,425.0,1056575.0
2022-09-24,9723.0,96061367.0,358982.0,620760329.0,52.0,1056627.0
2022-09-25,6708.0,96068075.0,204127.0,620964456.0,18.0,1056645.0
2022-09-26,45594.0,96113669.0,680648.0,621645104.0,369.0,1057014.0
2022-09-27,61012.0,96174681.0,671230.0,622316334.0,448.0,1057462.0
2022-09-28,86837.0,96261518.0,694250.0,623010584.0,1301.0,1058763.0
2022-09-29,84368.0,96345886.0,677438.0,623688022.0,693.0,1059456.0
2022-09-30,33399.0,96379285.0,771507.0,624459529.0,316.0,1059772.0
2022-10-01,7894.0,96387179.0,342938.0,624802467.0,35.0,1059807.0
2022-10-02,5755.0,96392934.0,192866.0,624995333.0,14.0,1059821.0
2022-10-03,41284.0,96434218.0,669080.0,625664413.0,291.0,1060112.0
2022-10-04,55195.0,96489413.0,668175.0,626332588.0,503.0,1060615.0
2022-10-05,71252.0,96560665.0,694877.0,627027465.0,1063.0,1061678.0
2022-10-06,60741.0,96621406.0,691243.0,627718708.0,579.0,1062257.0
2022-10-07,58200.0,96679606.0,812831.0,628531539.0,400.0,1062657.0
2022-10-08,7706.0,96687312.0,379912.0,628911451.0,49.0,1062706.0
2022-10-09,5510.0,96692822.0,204688.0,629116139.0,8.0,1062714.0
2022-10-10,22907.0,96715729.0,679869.0,629796008.0,128.0,1062842.0
2022-10-11,60675.0,96776404.0,695991.0,630491999.0,605.0,1063447.0
2022-10-12,64593.0,96840997.0,742938.0,631234937.0,766.0,1064213.0
2022-10-13,63335.0,96904332.0,710696.0,631945633.0,653.0,1064866.0
2022-10-14,26886.0,96931218.0,800234.0,632745867.0,259.0,1065125.0
2022-10-15,5964.0,96937182.0,348985.0,633094852.0,36.0,1065161.0
2022-10-16,6652.0,96943834.0,191588.0,633286440.0,6.0,1065167.0
2022-10-17,38731.0,96982565.0,643040.0,633929480.0,325.0,1065492.0
2022-10-18,43446.0,97026011.0,580677.0,634510157.0,429.0,1065921.0
2022-10-19,61292.0,97087303.0,591142.0,635101299.0,751.0,1066672.0
2022-10-20,57103.0,97144406.0,551710.0,635653009.0,554.0,1067226.0
2022-10-21,45789.0,97190195.0,579165.0,636232174.0,571.0,1067797.0
2022-10-22,5316.0,97195511.0,238642.0,636470816.0,12.0,1067809.0
2022-10-23,8100.0,97203611.0,118883.0,636589699.0,1.0,1067810.0
2022-10-24,37641.0,97241252.0,241983.0,636831682.0,196.0,1068006.0
2022-10-25,41954.0,97283206.0,39875.0,636871557.0,415.0,1068421.0
2022-10-26,69897.0,97353103.0,,,1095.0,1069516.0
2022-10-27,56669.0,97409772.0,,,539.0,1070055.0
